Workbook

Sheet 661482 - Profile List (Sash)
F1: Order Specification - Sample Request
F3: Ply Gem Windows - Rocky Mount 661482
K4: Label samples FAT
B7: Order# | C7: ProfileID | D7: Color | F7: Profile Number | G7: Description | H7: Color | I7: # of Units for Testing | J7: Size | K7: # of Units for FAT | L7: Size | M7: TOTAL UNITS FOR STURTZ TEST & FAT
B9: SO04866101 | C9: HSSTD | D9: WHWH | F9: 200131+200130+200132 | G9: 1500 Single Hung Slider Sash Stile, Lock Rail, and Lift Rail Profile | H9: White | I9: 20 | J9: 36" x 36" | K9: 10 | L9: 36" x 36" | M9: =I9+K9 -> 30
B10: SO04866102 | C10: HSSTD | D10: WHWH | F10: 200131+200130+200132 | G10: SS Frame1500 Single Hung Slider Sash Stile, Lock Rail, and Lift Rail Profile | H10: White | I10: 20 | J10: 10.375" x 8.625" | K10: 10 | L10: 10.375" x 8.625" | M10: =I10+K10 -> 30
B11: SO04866103 | C11: HSSTD | D11: WHWH | F11: 200131+200130+200132 | G11: SS Frame1500 Single Hung Slider Sash Stile, Lock Rail, and Lift Rail Profile | H11: White | I11: 20 | J11: 40" x 72" | K11: 10 | L11: 40" x 72" | M11: =I11+K11 -> 30
B12: SO04866104 | C12: SHSTD | D12: WHWH | F12: 200131+200130+200132 | G12: 1500 Single Hung Sash Stile, Lock Rail, and Lift Rail Profile | H12: White | I12: 20 | J12: 36" x 36" | K12: 30 | L12: 36" x 36" | M12: =I12+K12 -> 50
B13: SO04866105 | C13: SHSTD | D13: WHWH | F13: 200131+200130+200132 | G13: 1500 Single Hung Sash Stile, Lock Rail, and Lift Rail Profile | H13: White | I13: 20 | J13: 12.938" x 10.750" | K13: 10 | L13: 12.938" x 10.750" | M13: =I13+K13 -> 30
B14: SO04866106 | C14: SHSTD | D14: WHWH | F14: 200131+200130+200132 | G14: 1500 Single Hung Sash Stile, Lock Rail, and Lift Rail Profile | H14: White | I14: 20 | J14: 15.5" x 15.5" | K14: 10 | L14: 15.5" x 15.5" | M14: =I14+K14 -> 30
B15: SO04866107 | C15: SHSTD | D15: WHWH | F15: 200131+200130+200132 | G15: 1500 Single Hung Sash Stile, Lock Rail, and Lift Rail Profile | H15: White | I15: 20 | J15: 50.438" x 47" | K15: 10 | L15: 49.563" x 34.5" | M15: =I15+K15 -> 30
B16: SO04866108 | C16: SHSTD | D16: WHWH | F16: 200131+200130+200132 | G16: 1500 Single Hung Sash Stile, Lock Rail, and Lift Rail Profile | H16: White | I16: 20 | J16: 72" x 72" | K16: 10 | L16: 32.938" x 28.750" | M16: =I16+K16 -> 30
I17: =SUM(I9:I16) -> 160 | K17: =SUM(K9:K16) -> 100 | M17: =SUM(M9:M16) -> 260
G20: Send To Address Below:
F21: STUERTZ MACHINENBAU GMBH LINZER STRABE 24 NEUSTADT/WIED-ROTT, DE 53577 0114926833090 Attn: Laura Schmidt

Sheet Sheet1
B4: K0123456789P0123456789T0123N0123A012C0123456789L01234
B5: K- Order Number (10 Chars)
B6: P- Profile Identification (10 Chars)
B7: T- Color (4 Chars)
B8: N- Bin Number (4 Chars)
B9: A- Quantity (3 Chars)
B10: C- Comment (10 Chars)
B11: L- Length (5 Chars)
C14: K | E14: P | G14: T | I14: N | K14: A | M14: C | O14: L
C15: K | D15: ='661482 - Profile List (Sash)'!B9 -> SO04866101 | E15: P | F15: ='661482 - Profile List (Sash)'!C9 -> HSSTD | G15: T | H15: ='661482 - Profile List (Sash)'!D9 -> WHWH | I15: N | J15: A01A | K15: A | L15: 001 | M15: C | N15: =D15 -> SO04866101 | O15: L
C16: K | D16: ='661482 - Profile List (Sash)'!B10 -> SO04866102 | E16: P | F16: ='661482 - Profile List (Sash)'!C10 -> HSSTD | G16: T | H16: ='661482 - Profile List (Sash)'!D10 -> WHWH | I16: N | J16: A02A | K16: A | L16: 001 | M16: C | N16: =D16 -> SO04866102 | O16: L
C17: K | D17: ='661482 - Profile List (Sash)'!B11 -> SO04866103 | E17: P | F17: ='661482 - Profile List (Sash)'!C11 -> HSSTD | G17: T | H17: ='661482 - Profile List (Sash)'!D11 -> WHWH | I17: N | J17: A03A | K17: A | L17: 001 | M17: C | N17: =D17 -> SO04866103 | O17: L
C18: K | D18: ='661482 - Profile List (Sash)'!B12 -> SO04866104 | E18: P | F18: ='661482 - Profile List (Sash)'!C12 -> SHSTD | G18: T | H18: ='661482 - Profile List (Sash)'!D12 -> WHWH | I18: N | J18: A04A | K18: A | L18: 001 | M18: C | N18: =D18 -> SO04866104 | O18: L
C19: K | D19: ='661482 - Profile List (Sash)'!B13 -> SO04866105 | E19: P | F19: ='661482 - Profile List (Sash)'!C13 -> SHSTD | G19: T | H19: ='661482 - Profile List (Sash)'!D13 -> WHWH | I19: N | J19: A05A | K19: A | L19: 001 | M19: C | N19: =D19 -> SO04866105 | O19: L
C20: K | D20: ='661482 - Profile List (Sash)'!B14 -> SO04866106 | E20: P | F20: ='661482 - Profile List (Sash)'!C14 -> SHSTD | G20: T | H20: ='661482 - Profile List (Sash)'!D14 -> WHWH | I20: N | J20: A06A | K20: A | L20: 001 | M20: C | N20: =D20 -> SO04866106 | O20: L
C21: K | D21: ='661482 - Profile List (Sash)'!B15 -> SO04866107 | E21: P | F21: ='661482 - Profile List (Sash)'!C15 -> SHSTD | G21: T | H21: ='661482 - Profile List (Sash)'!D15 -> WHWH | I21: N | J21: A07A | K21: A | L21: 001 | M21: C | N21: =D21 -> SO04866107 | O21: L
C22: K | D22: ='661482 - Profile List (Sash)'!B16 -> SO04866108 | E22: P | F22: ='661482 - Profile List (Sash)'!C16 -> SHSTD | G22: T | H22: ='661482 - Profile List (Sash)'!D16 -> WHWH | I22: N | J22: A08A | K22: A | L22: 001 | M22: C | N22: =D22 -> SO04866108 | O22: L
C25: K | D25: SO04866101 | E25: P | F25: HSSTDS | G25: T | H25: WHWH | I25: N | J25: A01A | K25: A | L25: 001 | M25: C | N25: SO04866101 | O25: L | P25: 03625
C26: K | D26: SO04866101 | E26: P | F26: HSSTDR | G26: T | H26: WHWH | I26: N | J26: A01A | K26: A | L26: 001 | M26: C | N26: SO04866101 | O26: L | P26: 03625
C28: K | D28: SO04866102 | E28: P | F28: HSSTDS | G28: T | H28: WHWH | I28: N | J28: A02A | K28: A | L28: 001 | M28: C | N28: SO04866102 | O28: L | P28: 00888
C29: K | D29: SO04866102 | E29: P | F29: HSSTDR | G29: T | H29: WHWH | I29: N | J29: A02A | K29: A | L29: 001 | M29: C | N29: SO04866102 | O29: L | P29: 01063
C31: K | D31: SO04866103 | E31: P | F31: HSSTDS | G31: T | H31: WHWH | I31: N | J31: A03A | K31: A | L31: 001 | M31: C | N31: SO04866103 | O31: L | P31: 07225
C32: K | D32: SO04866103 | E32: P | F32: HSSTDR | G32: T | H32: WHWH | I32: N | J32: A03A | K32: A | L32: 001 | M32: C | N32: SO04866103 | O32: L | P32: 04025
C34: K | D34: SO04866104 | E34: P | F34: SHSTDR | G34: T | H34: WHWH | I34: N | J34: A04A | K34: A | L34: 001 | M34: C | N34: SO04866104 | O34: L | P34: 03625
C35: K | D35: SO04866104 | E35: P | F35: SHSTDS | G35: T | H35: WHWH | I35: N | J35: A04A | K35: A | L35: 001 | M35: C | N35: SO04866104 | O35: L | P35: 03625
C37: K | D37: SO04866105 | E37: P | F37: SHSTDR | G37: T | H37: WHWH | I37: N | J37: A05A | K37: A | L37: 001 | M37: C | N37: SO04866105 | O37: L | P37: 01319
C38: K | D38: SO04866105 | E38: P | F38: SHSTDS | G38: T | H38: WHWH | I38: N | J38: A05A | K38: A | L38: 001 | M38: C | N38: SO04866105 | O38: L | P38: 01100
C40: K | D40: SO04866106 | E40: P | F40: SHSTDR | G40: T | H40: WHWH | I40: N | J40: A06A | K40: A | L40: 001 | M40: C | N40: SO04866106 | O40: L | P40: 01575
C41: K | D41: SO04866106 | E41: P | F41: SHSTDS | G41: T | H41: WHWH | I41: N | J41: A06A | K41: A | L41: 001 | M41: C | N41: SO04866106 | O41: L | P41: 01575
... C47: K | D47: SO04866108 | E47: P | F47: SHSTDS | G47: T | H47: WHWH | I47: N | J47: A08A | K47: A | L47: 001 | M47: C | N47: SO04866108 | O47: L | P47: 07225

Sheet Sheet2
C5: SHSTD | D5: Single Hung Sash
C6: SHSTDR | D6: rail
C7: SHSTDS | D7: stile
C8: SHIRS | D8: Single Hung Sash, Impact
C9: SHIRSR | D9: rail
C10: SHIRSS | D10: stile
C11: HSSTD | D11: Single Slider Sash
C12: HSSTDR | D12: rail
C13: HSSTDS1 | D13: stile | E13: XO
C14: HSSTDS2 | D14: stile | E14: OX
